date,target
2020-01-23 10:02:03,0
2020-01-24 10:02:03,0
2020-01-25 10:02:03,0
2020-01-26 10:02:03,0
2020-01-27 10:02:03,0
2020-01-28 10:02:03,0
2020-01-29 10:02:03,0
2020-01-30 10:02:03,0
2020-01-31 10:02:03,0
2020-02-01 10:02:03,0
2020-02-02 10:02:03,0
2020-02-03 10:02:03,0
2020-02-04 10:02:03,0
2020-02-05 10:02:03,0
2020-02-06 10:02:03,0
2020-02-07 10:02:03,0
2020-02-08 10:02:03,0
2020-02-09 10:02:03,0
2020-02-10 10:02:03,0
2020-02-11 10:02:03,0
2020-02-12 10:02:03,0
2020-02-13 10:02:03,0
2020-02-14 10:02:03,0
2020-02-15 10:02:03,0
2020-02-16 10:02:03,0
2020-02-17 10:02:03,0
2020-02-18 10:02:03,0
2020-02-19 10:02:03,0
2020-02-20 10:02:03,0
2020-02-21 10:02:03,0
2020-02-22 10:02:03,0
2020-02-23 10:02:03,0
2020-02-24 10:02:03,0
2020-02-25 10:02:03,1
2020-02-26 10:02:03,0
2020-02-27 10:02:03,0
2020-02-28 10:02:03,0
2020-02-29 10:02:03,0
2020-03-01 10:02:03,0
2020-03-02 10:02:03,2
2020-03-03 10:02:03,2
2020-03-04 10:02:03,7
2020-03-05 10:02:03,0
2020-03-06 10:02:03,5
2020-03-07 10:02:03,0
2020-03-08 10:02:03,2
2020-03-09 10:02:03,1
2020-03-10 10:02:03,0
2020-03-11 10:02:03,0
2020-03-12 10:02:03,4
2020-03-13 10:02:03,2
2020-03-14 10:02:03,11
2020-03-15 10:02:03,11
2020-03-16 10:02:03,6
2020-03-17 10:02:03,6
2020-03-18 10:02:03,14
2020-03-19 10:02:03,13
2020-03-20 10:02:03,3
2020-03-21 10:02:03,49
2020-03-22 10:02:03,62
2020-03-23 10:02:03,29
2020-03-24 10:02:03,34
2020-03-25 10:02:03,38
2020-03-26 10:02:03,65
2020-03-27 10:02:03,42
2020-03-28 10:02:03,45
2020-03-29 10:02:03,57
2020-03-30 10:02:03,73
2020-03-31 10:02:03,132
2020-04-01 10:02:03,131
2020-04-02 10:02:03,139
2020-04-03 10:02:03,185
2020-04-04 10:02:03,80
2020-04-05 10:02:03,69
2020-04-06 10:02:03,103
2020-04-07 10:02:03,45
2020-04-08 10:02:03,104
2020-04-09 10:02:03,94
2020-04-10 10:02:03,95
2020-04-11 10:02:03,64
2020-04-12 10:02:03,89
2020-04-13 10:02:03,69
2020-04-14 10:02:03,87
2020-04-15 10:02:03,90
2020-04-16 10:02:03,108
2020-04-17 10:02:03,150
2020-04-18 10:02:03,116
2020-04-19 10:02:03,95
2020-04-20 10:02:03,89
2020-04-21 10:02:03,93
2020-04-22 10:02:03,99
2020-04-23 10:02:03,97
2020-04-24 10:02:03,120
2020-04-25 10:02:03,129
2020-04-26 10:02:03,126
2020-04-27 10:02:03,135
2020-04-28 10:02:03,132
2020-04-29 10:02:03,199
2020-04-30 10:02:03,158
2020-05-01 10:02:03,148
2020-05-02 10:02:03,141
2020-05-03 10:02:03,179
2020-05-04 10:02:03,174
2020-05-05 10:02:03,190
2020-05-06 10:02:03,159
2020-05-07 10:02:03,185
2020-05-08 10:02:03,187
2020-05-09 10:02:03,189
2020-05-10 10:02:03,165
2020-05-11 10:02:03,168
2020-05-12 10:02:03,176
2020-05-13 10:02:03,186
2020-05-14 10:02:03,189
2020-05-15 10:02:03,187
2020-05-16 10:02:03,192
2020-05-17 10:02:03,198
2020-05-18 10:02:03,182
2020-05-19 10:02:03,176
2020-05-20 10:02:03,165
2020-05-21 10:02:03,186
2020-05-22 10:02:03,190
2020-05-23 10:02:03,195
2020-05-24 10:02:03,193
2020-05-25 10:02:03,197
2020-05-26 10:02:03,194
2020-05-27 10:02:03,160
2020-05-28 10:02:03,140
2020-05-29 10:02:03,137
2020-05-30 10:02:03,133
2020-05-31 10:02:03,127
2020-06-01 10:02:03,119
2020-06-02 10:02:03,113
2020-06-03 10:02:03,107
2020-06-04 10:02:03,98
2020-06-05 10:02:03,104
2020-06-06 10:02:03,115
2020-06-07 10:02:03,104
2020-06-08 10:02:03,111
2020-06-09 10:02:03,117
2020-06-10 10:02:03,102
2020-06-11 10:02:03,105
2020-06-12 10:02:03,109
2020-06-13 10:02:03,112
2020-06-14 10:02:03,109
2020-06-15 10:02:03,112
2020-06-16 10:02:03,116
2020-06-17 10:02:03,121
2020-06-18 10:02:03,117
2020-06-19 10:02:03,119
2020-06-20 10:02:03,127
2020-06-21 10:02:03,140
2020-06-22 10:02:03,149
2020-06-23 10:02:03,156
2020-06-24 10:02:03,172
2020-06-25 10:02:03,197
2020-06-26 10:02:03,240
2020-06-27 10:02:03,283
2020-06-28 10:02:03,305
2020-06-29 10:02:03,298
2020-06-30 10:02:03,336
2020-07-01 10:02:03,365
2020-07-02 10:02:03,385
2020-07-03 10:02:03,413
2020-07-04 10:02:03,430
2020-07-05 10:02:03,441
2020-07-06 10:02:03,463
2020-07-07 10:02:03,475
2020-07-08 10:02:03,469
2020-07-09 10:02:03,460
2020-07-10 10:02:03,434
2020-07-11 10:02:03,470
2020-07-12 10:02:03,483
2020-07-13 10:02:03,494
2020-07-14 10:02:03,527
2020-07-15 10:02:03,554
2020-07-16 10:02:03,585
2020-07-17 10:02:03,593
2020-07-18 10:02:03,601
2020-07-19 10:02:03,535
2020-07-20 10:02:03,607
2020-07-21 10:02:03,587
2020-07-22 10:02:03,594
2020-07-23 10:02:03,612
2020-07-24 10:02:03,675
2020-07-25 10:02:03,605
2020-07-26 10:02:03,593
2020-07-27 10:02:03,616
2020-07-28 10:02:03,642
2020-07-29 10:02:03,614
2020-07-30 10:02:03,602
2020-07-31 10:02:03,563
2020-08-01 10:02:03,556
2020-08-02 10:02:03,515
2020-08-03 10:02:03,507
2020-08-04 10:02:03,532
2020-08-05 10:02:03,551
2020-08-06 10:02:03,571
2020-08-07 10:02:03,529
2020-08-08 10:02:03,538
2020-08-09 10:02:03,467
2020-08-10 10:02:03,552
2020-08-11 10:02:03,492
2020-08-12 10:02:03,495
2020-08-13 10:02:03,488
2020-08-14 10:02:03,477
2020-08-15 10:02:03,469
2020-08-16 10:02:03,450
2020-08-17 10:02:03,442
2020-08-18 10:02:03,419
2020-08-19 10:02:03,403
2020-08-20 10:02:03,411
2020-08-21 10:02:03,409
2020-08-22 10:02:03,401
2020-08-23 10:02:03,392
2020-08-24 10:02:03,398
2020-08-25 10:02:03,370
2020-08-26 10:02:03,391
2020-08-27 10:02:03,397
2020-08-28 10:02:03,387
2020-08-29 10:02:03,378
2020-08-30 10:02:03,365
2020-08-31 10:02:03,348
2020-09-01 10:02:03,339
2020-09-02 10:02:03,325
2020-09-03 10:02:03,311
2020-09-04 10:02:03,304
2020-09-05 10:02:03,298
2020-09-06 10:02:03,293
2020-09-07 10:02:03,289
2020-09-08 10:02:03,285
2020-09-09 10:02:03,278
2020-09-10 10:02:03,272
2020-09-11 10:02:03,264
2020-09-12 10:02:03,255
2020-09-13 10:02:03,247
2020-09-14 10:02:03,242
2020-09-15 10:02:03,238
2020-09-16 10:02:03,232
2020-09-17 10:02:03,228
2020-09-18 10:02:03,219
2020-09-19 10:02:03,210
2020-09-20 10:02:03,203
2020-09-21 10:02:03,197
2020-09-22 10:02:03,191
2020-09-23 10:02:03,186
2020-09-24 10:02:03,179
2020-09-25 10:02:03,175
2020-09-26 10:02:03,160
2020-09-27 10:02:03,153
2020-09-28 10:02:03,146
2020-09-29 10:02:03,155
2020-09-30 10:02:03,162
2020-10-01 10:02:03,160
2020-10-02 10:02:03,157
2020-10-03 10:02:03,148
2020-10-04 10:02:03,141
2020-10-05 10:02:03,134
2020-10-06 10:02:03,129
2020-10-07 10:02:03,121
2020-10-08 10:02:03,138
2020-10-09 10:02:03,146
2020-10-10 10:02:03,136
2020-10-11 10:02:03,132
2020-10-12 10:02:03,253
2020-10-13 10:02:03,74
2020-10-14 10:02:03,185
2020-10-15 10:02:03,193
2020-10-16 10:02:03,221
2020-10-17 10:02:03,205
2020-10-18 10:02:03,199
2020-10-19 10:02:03,214
2020-10-20 10:02:03,213
2020-10-21 10:02:03,252
2020-10-22 10:02:03,276
2020-10-23 10:02:03,273
2020-10-24 10:02:03,250
2020-10-25 10:02:03,263
2020-10-26 10:02:03,276
2020-10-27 10:02:03,287
2020-10-28 10:02:03,320
2020-10-29 10:02:03,306
2020-10-30 10:02:03,319
2020-10-31 10:02:03,291
2020-11-01 10:02:03,330
2020-11-02 10:02:03,302
2020-11-03 10:02:03,405
2020-11-04 10:02:03,548
2020-11-05 10:02:03,642
2020-11-06 10:02:03,631
2020-11-07 10:02:03,581
2020-11-08 10:02:03,670
2020-11-09 10:02:03,642
2020-11-10 10:02:03,753
2020-11-11 10:02:03,811
2020-11-12 10:02:03,851
2020-11-13 10:02:03,867
2020-11-14 10:02:03,844
2020-11-15 10:02:03,860
2020-11-16 10:02:03,910
2020-11-17 10:02:03,1002
2020-11-18 10:02:03,1038
2020-11-19 10:02:03,1023
2020-11-20 10:02:03,1103
2020-11-21 10:02:03,1019
2020-11-22 10:02:03,1088
2020-11-23 10:02:03,1005
2020-11-24 10:02:03,1133
2020-11-25 10:02:03,1025
2020-11-26 10:02:03,1085
2020-11-27 10:02:03,1058
2020-11-28 10:02:03,1044
2020-11-29 10:02:03,1009
2020-11-30 10:02:03,978
2020-12-01 10:02:03,953
2020-12-02 10:02:03,932
2020-12-03 10:02:03,843
2020-12-04 10:02:03,803
2020-12-05 10:02:03,772
2020-12-06 10:02:03,750
2020-12-07 10:02:03,573
2020-12-08 10:02:03,591
2020-12-09 10:02:03,598
2020-12-10 10:02:03,565
2020-12-11 10:02:03,542
2020-12-12 10:02:03,517
2020-12-13 10:02:03,464
2020-12-14 10:02:03,495
2020-12-15 10:02:03,468
2020-12-16 10:02:03,442
2020-12-17 10:02:03,426
2020-12-18 10:02:03,438
2020-12-19 10:02:03,410
2020-12-20 10:02:03,422
2020-12-21 10:02:03,456
2020-12-22 10:02:03,410
2020-12-23 10:02:03,480
2020-12-24 10:02:03,458
2020-12-25 10:02:03,434
2020-12-26 10:02:03,416
2020-12-27 10:02:03,392
2020-12-28 10:02:03,382
2020-12-29 10:02:03,357
2020-12-30 10:02:03,323
2020-12-31 10:02:03,299
2021-01-01 10:02:03,287
2021-01-02 10:02:03,262
2021-01-03 10:02:03,249
2021-01-04 10:02:03,237
2021-01-05 10:02:03,228
2021-01-06 10:02:03,247
2021-01-07 10:02:03,262
2021-01-08 10:02:03,275
2021-01-09 10:02:03,256
2021-01-10 10:02:03,231
2021-01-11 10:02:03,225
2021-01-12 10:02:03,272
2021-01-13 10:02:03,219
2021-01-14 10:02:03,267
2021-01-15 10:02:03,254
2021-01-16 10:02:03,230
2021-01-17 10:02:03,222
2021-01-18 10:02:03,259
2021-01-19 10:02:03,249
2021-01-20 10:02:03,265
2021-01-21 10:02:03,246
2021-01-22 10:02:03,272
2021-01-23 10:02:03,245
2021-01-24 10:02:03,227
2021-01-25 10:02:03,258
2021-01-26 10:02:03,243
2021-01-27 10:02:03,262
2021-01-28 10:02:03,251
2021-01-29 10:02:03,277
2021-01-30 10:02:03,235
2021-01-31 10:02:03,217
2021-02-01 10:02:03,239
2021-02-02 10:02:03,263
2021-02-03 10:02:03,275
2021-02-04 10:02:03,265
2021-02-05 10:02:03,248
2021-02-06 10:02:03,0
2021-02-07 10:02:03,459
2021-02-08 10:02:03,225
2021-02-09 10:02:03,246
2021-02-10 10:02:03,223
2021-02-11 10:02:03,267
2021-02-12 10:02:03,254
2021-02-13 10:02:03,210
2021-02-14 10:02:03,198
2021-02-15 10:02:03,183
2021-02-16 10:02:03,175
2021-02-17 10:02:03,178
2021-02-18 10:02:03,171
2021-02-19 10:02:03,182
2021-02-20 10:02:03,164
2021-02-21 10:02:03,153
2021-02-22 10:02:03,177
2021-02-23 10:02:03,185
2021-02-24 10:02:03,182
2021-02-25 10:02:03,161
2021-02-26 10:02:03,183
2021-02-27 10:02:03,155
2021-02-28 10:02:03,132
2021-03-01 10:02:03,163
2021-03-02 10:02:03,175
2021-03-03 10:02:03,163
2021-03-04 10:02:03,168
2021-03-05 10:02:03,187
2021-03-06 10:02:03,156
2021-03-07 10:02:03,130
2021-03-08 10:02:03,148
2021-03-09 10:02:03,161
2021-03-10 10:02:03,138
2021-03-11 10:02:03,170
2021-03-12 10:02:03,157
2021-03-13 10:02:03,135
2021-03-14 10:02:03,122
2021-03-15 10:02:03,145
2021-03-16 10:02:03,130
2021-03-17 10:02:03,148
2021-03-18 10:02:03,154
2021-03-19 10:02:03,128
2021-03-20 10:02:03,96
2021-03-21 10:02:03,91
2021-03-22 10:02:03,98
2021-03-23 10:02:03,94
2021-03-24 10:02:03,89
2021-03-25 10:02:03,105
2021-03-26 10:02:03,114
2021-03-27 10:02:03,93
2021-03-28 10:02:03,86
2021-03-29 10:02:03,110
2021-03-30 10:02:03,115
2021-03-31 10:02:03,131
2021-04-01 10:02:03,112
2021-04-02 10:02:03,125
2021-04-03 10:02:03,95
2021-04-04 10:02:03,98
2021-04-05 10:02:03,117
2021-04-06 10:02:03,140
2021-04-07 10:02:03,125
2021-04-08 10:02:03,112
2021-04-09 10:02:03,135
2021-04-10 10:02:03,127
2021-04-11 10:02:03,138
2021-04-12 10:02:03,129
2021-04-13 10:02:03,154
2021-04-14 10:02:03,176
2021-04-15 10:02:03,167
2021-04-16 10:02:03,181
2021-04-17 10:02:03,163
2021-04-18 10:02:03,156
2021-04-19 10:02:03,163
2021-04-20 10:02:03,187
2021-04-21 10:02:03,182
2021-04-22 10:02:03,189
2021-04-23 10:02:03,199
2021-04-24 10:02:03,174
2021-04-25 10:02:03,186
2021-04-26 10:02:03,190
2021-04-27 10:02:03,232
2021-04-28 10:02:03,236
2021-04-29 10:02:03,286
2021-04-30 10:02:03,242
2021-05-01 10:02:03,203
2021-05-02 10:02:03,211
2021-05-03 10:02:03,195
2021-05-04 10:02:03,282
2021-05-05 10:02:03,273
2021-05-06 10:02:03,201
2021-05-07 10:02:03,219
2021-05-08 10:02:03,208
2021-05-09 10:02:03,204
2021-05-10 10:02:03,184
2021-05-11 10:02:03,195
2021-05-12 10:02:03,199
2021-05-13 10:02:03,207
2021-05-14 10:02:03,170
2021-05-15 10:02:03,135
2021-05-16 10:02:03,117
2021-05-17 10:02:03,174
2021-05-18 10:02:03,208
2021-05-19 10:02:03,203
2021-05-20 10:02:03,260
2021-05-21 10:02:03,278
2021-05-22 10:02:03,217
2021-05-23 10:02:03,209
2021-05-24 10:02:03,247
2021-05-25 10:02:03,254
2021-05-26 10:02:03,285
2021-05-27 10:02:03,280
2021-05-28 10:02:03,272
2021-05-29 10:02:03,258
2021-05-30 10:02:03,269
2021-05-31 10:02:03,188
2021-06-01 10:02:03,305
2021-06-02 10:02:03,422
2021-06-03 10:02:03,336
2021-06-04 10:02:03,385
2021-06-05 10:02:03,320
2021-06-06 10:02:03,277
2021-06-07 10:02:03,325
2021-06-08 10:02:03,364
2021-06-09 10:02:03,387
2021-06-10 10:02:03,321
2021-06-11 10:02:03,372
2021-06-12 10:02:03,343
2021-06-13 10:02:03,318
2021-06-14 10:02:03,354
2021-06-15 10:02:03,373
2021-06-16 10:02:03,343
2021-06-17 10:02:03,382
2021-06-18 10:02:03,379
2021-06-19 10:02:03,367
2021-06-20 10:02:03,235
2021-06-21 10:02:03,473
2021-06-22 10:02:03,385
2021-06-23 10:02:03,370
2021-06-24 10:02:03,354
2021-06-25 10:02:03,369
2021-06-26 10:02:03,341
2021-06-27 10:02:03,352
2021-06-28 10:02:03,375
2021-06-29 10:02:03,389
2021-06-30 10:02:03,397
2021-07-01 10:02:03,449
2021-07-02 10:02:03,475
2021-07-03 10:02:03,457
2021-07-04 10:02:03,464
2021-07-05 10:02:03,495
2021-07-06 10:02:03,481
2021-07-07 10:02:03,585
2021-07-08 10:02:03,620
2021-07-09 10:02:03,831
2021-07-10 10:02:03,813
2021-07-11 10:02:03,768
2021-07-12 10:02:03,878
2021-07-13 10:02:03,941
2021-07-14 10:02:03,914
2021-07-15 10:02:03,1109
2021-07-16 10:02:03,1197
2021-07-17 10:02:03,1107
2021-07-18 10:02:03,1099
2021-07-19 10:02:03,1177
2021-07-20 10:02:03,1298
2021-07-21 10:02:03,1221
2021-07-22 10:02:03,1208
2021-07-23 10:02:03,1350
2021-07-24 10:02:03,1305
2021-07-25 10:02:03,1287
2021-07-26 10:02:03,1505
2021-07-27 10:02:03,1544
2021-07-28 10:02:03,1927
2021-07-29 10:02:03,1537
2021-07-30 10:02:03,1521
2021-07-31 10:02:03,1203
2021-08-01 10:02:03,1172
2021-08-02 10:02:03,1358
2021-08-03 10:02:03,1307
2021-08-04 10:02:03,1495
2021-08-05 10:02:03,1289
2021-08-06 10:02:03,1203
2021-08-07 10:02:03,1140
2021-08-08 10:02:03,1020
2021-08-09 10:02:03,992
2021-08-10 10:02:03,979
2021-08-11 10:02:03,844
2021-08-12 10:02:03,851
2021-08-13 10:02:03,860
2021-08-14 10:02:03,753
2021-08-15 10:02:03,603
2021-08-16 10:02:03,710
2021-08-17 10:02:03,695
2021-08-18 10:02:03,721
2021-08-19 10:02:03,694
2021-08-20 10:02:03,578
2021-08-21 10:02:03,515
2021-08-22 10:02:03,412
2021-08-23 10:02:03,506
2021-08-24 10:02:03,537
2021-08-25 10:02:03,545
2021-08-26 10:02:03,503
2021-08-27 10:02:03,512
2021-08-28 10:02:03,485
2021-08-29 10:02:03,491
2021-08-30 10:02:03,412
2021-08-31 10:02:03,506
2021-09-01 10:02:03,447
2021-09-02 10:02:03,388
2021-09-03 10:02:03,393
2021-09-04 10:02:03,351
2021-09-05 10:02:03,345
2021-09-06 10:02:03,309
2021-09-07 10:02:03,332
2021-09-08 10:02:03,317
2021-09-09 10:02:03,313
2021-09-10 10:02:03,285
2021-09-11 10:02:03,262
2021-09-12 10:02:03,246
2021-09-13 10:02:03,233
2021-09-14 10:02:03,227
2021-09-15 10:02:03,242
2021-09-16 10:02:03,219
2021-09-17 10:02:03,235
2021-09-18 10:02:03,201
2021-09-19 10:02:03,175
2021-09-20 10:02:03,166
2021-09-21 10:02:03,182
2021-09-22 10:02:03,174
2021-09-23 10:02:03,161
2021-09-24 10:02:03,166
2021-09-25 10:02:03,125
2021-09-26 10:02:03,148
2021-09-27 10:02:03,155
2021-09-28 10:02:03,168
2021-09-29 10:02:03,153
2021-09-30 10:02:03,161
2021-10-01 10:02:03,158
2021-10-02 10:02:03,140
2021-10-03 10:02:03,132
2021-10-04 10:02:03,126
2021-10-05 10:02:03,131
2021-10-06 10:02:03,125
2021-10-07 10:02:03,105
2021-10-08 10:02:03,112
2021-10-09 10:02:03,102
2021-10-10 10:02:03,107
2021-10-11 10:02:03,98
2021-10-12 10:02:03,95
2021-10-13 10:02:03,110
2021-10-14 10:02:03,105
2021-10-15 10:02:03,101
2021-10-16 10:02:03,93
2021-10-17 10:02:03,87
2021-10-18 10:02:03,78
2021-10-19 10:02:03,89
2021-10-20 10:02:03,76
2021-10-21 10:02:03,70
2021-10-22 10:02:03,84
2021-10-23 10:02:03,67
2021-10-24 10:02:03,72
2021-10-25 10:02:03,81
2021-10-26 10:02:03,87
2021-10-27 10:02:03,79
2021-10-28 10:02:03,91
2021-10-29 10:02:03,110
2021-10-30 10:02:03,88
2021-10-31 10:02:03,94
2021-11-01 10:02:03,114
2021-11-02 10:02:03,83
2021-11-03 10:02:03,105
2021-11-04 10:02:03,124
2021-11-05 10:02:03,117
2021-11-06 10:02:03,84
2021-11-07 10:02:03,77
2021-11-08 10:02:03,98
2021-11-09 10:02:03,131
2021-11-10 10:02:03,124
2021-11-11 10:02:03,115
2021-11-12 10:02:03,140
2021-11-13 10:02:03,109
2021-11-14 10:02:03,97
2021-11-15 10:02:03,134
2021-11-16 10:02:03,141
2021-11-17 10:02:03,135
2021-11-18 10:02:03,152
2021-11-19 10:02:03,163
2021-11-20 10:02:03,144
2021-11-21 10:02:03,113
2021-11-22 10:02:03,159
2021-11-23 10:02:03,172
2021-11-24 10:02:03,180
2021-11-25 10:02:03,161
2021-11-26 10:02:03,193
2021-11-27 10:02:03,163
2021-11-28 10:02:03,172
2021-11-29 10:02:03,192
2021-11-30 10:02:03,187
2021-12-01 10:02:03,192
2021-12-02 10:02:03,198
2021-12-03 10:02:03,191
2021-12-04 10:02:03,185
2021-12-05 10:02:03,172
2021-12-06 10:02:03,193
2021-12-07 10:02:03,197
2021-12-08 10:02:03,188
2021-12-09 10:02:03,177
2021-12-10 10:02:03,210
2021-12-11 10:02:03,218
2021-12-12 10:02:03,196
2021-12-13 10:02:03,210
2021-12-14 10:02:03,230
2021-12-15 10:02:03,245
2021-12-16 10:02:03,212
2021-12-17 10:02:03,299
2021-12-18 10:02:03,286
2021-12-19 10:02:03,262
2021-12-20 10:02:03,243
2021-12-21 10:02:03,310
2021-12-22 10:02:03,285
2021-12-23 10:02:03,293
2021-12-24 10:02:03,375
2021-12-25 10:02:03,278
2021-12-26 10:02:03,261
2021-12-27 10:02:03,293
2021-12-28 10:02:03,335
2021-12-29 10:02:03,382
2021-12-30 10:02:03,390
2021-12-31 10:02:03,395
2022-01-01 10:02:03,386
2022-01-02 10:02:03,341
2022-01-03 10:02:03,373
2022-01-04 10:02:03,421
2022-01-05 10:02:03,462
2022-01-06 10:02:03,410
2022-01-07 10:02:03,491
2022-01-08 10:02:03,426
2022-01-09 10:02:03,415
2022-01-10 10:02:03,482
2022-01-11 10:02:03,557
2022-01-12 10:02:03,610
2022-01-13 10:02:03,577
2022-01-14 10:02:03,596
2022-01-15 10:02:03,505
2022-01-16 10:02:03,573
2022-01-17 10:02:03,692
2022-01-18 10:02:03,810
2022-01-19 10:02:03,1359
2022-01-20 10:02:03,1552
2022-01-21 10:02:03,1855
2022-01-22 10:02:03,2211
2022-01-23 10:02:03,2134
2022-01-24 10:02:03,2215
2022-01-25 10:02:03,2521
2022-01-26 10:02:03,2162
2022-01-27 10:02:03,2130
2022-01-28 10:02:03,1870
2022-01-29 10:02:03,1742
2022-01-30 10:02:03,1464
2022-01-31 10:02:03,1343
2022-02-01 10:02:03,1403
2022-02-02 10:02:03,1365
2022-02-03 10:02:03,951
2022-02-04 10:02:03,970
2022-02-05 10:02:03,792
2022-02-06 10:02:03,378
2022-02-07 10:02:03,502
2022-02-08 10:02:03,610
2022-02-09 10:02:03,585
2022-02-10 10:02:03,518
2022-02-11 10:02:03,532
2022-02-12 10:02:03,503
2022-02-13 10:02:03,526
2022-02-14 10:02:03,413
2022-02-15 10:02:03,405
2022-02-16 10:02:03,424
2022-02-17 10:02:03,375
2022-02-18 10:02:03,316
2022-02-19 10:02:03,251
2022-02-20 10:02:03,118
2022-02-21 10:02:03,147
2022-02-22 10:02:03,164
2022-02-23 10:02:03,123
2022-02-24 10:02:03,115
2022-02-25 10:02:03,103
2022-02-26 10:02:03,72
2022-02-27 10:02:03,77
2022-02-28 10:02:03,81
2022-03-01 10:02:03,74
2022-03-02 10:02:03,69
2022-03-03 10:02:03,51
2022-03-04 10:02:03,56
2022-03-05 10:02:03,41
2022-03-06 10:02:03,38
2022-03-07 10:02:03,32
2022-03-08 10:02:03,26
2022-03-09 10:02:03,23
2022-03-10 10:02:03,20
2022-03-11 10:02:03,25
2022-03-12 10:02:03,19
2022-03-13 10:02:03,22
2022-03-14 10:02:03,25
2022-03-15 10:02:03,21
2022-03-16 10:02:03,18
2022-03-17 10:02:03,15
2022-03-18 10:02:03,13
2022-03-19 10:02:03,15
2022-03-20 10:02:03,11
2022-03-21 10:02:03,12
2022-03-22 10:02:03,11
2022-03-23 10:02:03,12
2022-03-24 10:02:03,14
2022-03-25 10:02:03,13
2022-03-26 10:02:03,9
2022-03-27 10:02:03,8
2022-03-28 10:02:03,12
2022-03-29 10:02:03,10
2022-03-30 10:02:03,11
2022-03-31 10:02:03,9
2022-04-01 10:02:03,8
2022-04-02 10:02:03,5
2022-04-03 10:02:03,7
2022-04-04 10:02:03,3
2022-04-05 10:02:03,5
2022-04-06 10:02:03,6
2022-04-07 10:02:03,2
2022-04-08 10:02:03,7
2022-04-09 10:02:03,6
2022-04-10 10:02:03,4
2022-04-11 10:02:03,3
2022-04-12 10:02:03,3
2022-04-13 10:02:03,1
2022-04-14 10:02:03,2
2022-04-15 10:02:03,5
2022-04-16 10:02:03,1
2022-04-17 10:02:03,0
2022-04-18 10:02:03,2
2022-04-19 10:02:03,5
2022-04-20 10:02:03,0
2022-04-21 10:02:03,8
2022-04-22 10:02:03,7
2022-04-23 10:02:03,0
2022-04-24 10:02:03,6
2022-04-25 10:02:03,4
2022-04-26 10:02:03,1
2022-04-27 10:02:03,1
2022-04-28 10:02:03,3
2022-04-29 10:02:03,3
2022-04-30 10:02:03,1
2022-05-01 10:02:03,2
2022-05-02 10:02:03,0
2022-05-03 10:02:03,0
2022-05-04 10:02:03,0
2022-05-05 10:02:03,4
2022-05-06 10:02:03,5
2022-05-07 10:02:03,3
2022-05-08 10:02:03,4
2022-05-09 10:02:03,2
2022-05-10 10:02:03,4
2022-05-11 10:02:03,2
2022-05-12 10:02:03,2
2022-05-13 10:02:03,6
2022-05-14 10:02:03,2
2022-05-15 10:02:03,2
2022-05-16 10:02:03,5
2022-05-17 10:02:03,5
2022-05-18 10:02:03,6
2022-05-19 10:02:03,7
2022-05-20 10:02:03,6
2022-05-21 10:02:03,4
2022-05-22 10:02:03,3
2022-05-23 10:02:03,1
2022-05-24 10:02:03,5
2022-05-25 10:02:03,2
2022-05-26 10:02:03,2
2022-05-27 10:02:03,6
2022-05-28 10:02:03,3
2022-05-29 10:02:03,0
2022-05-30 10:02:03,4
2022-05-31 10:02:03,7
2022-06-01 10:02:03,3
2022-06-02 10:02:03,2
2022-06-03 10:02:03,0
2022-06-04 10:02:03,0
2022-06-05 10:02:03,8
2022-06-06 10:02:03,3
2022-06-07 10:02:03,4
2022-06-08 10:02:03,5
2022-06-09 10:02:03,11
2022-06-10 10:02:03,5
2022-06-11 10:02:03,0
2022-06-12 10:02:03,2
2022-06-13 10:02:03,10
2022-06-14 10:02:03,6
2022-06-15 10:02:03,9
2022-06-16 10:02:03,12
2022-06-17 10:02:03,4
2022-06-18 10:02:03,3
2022-06-19 10:02:03,4
2022-06-20 10:02:03,10
2022-06-21 10:02:03,8
2022-06-22 10:02:03,13
2022-06-23 10:02:03,9
2022-06-24 10:02:03,10
2022-06-25 10:02:03,5
2022-06-26 10:02:03,8
2022-06-27 10:02:03,11
2022-06-28 10:02:03,13
2022-06-29 10:02:03,11
2022-06-30 10:02:03,14
2022-07-01 10:02:03,18
2022-07-02 10:02:03,10
2022-07-03 10:02:03,13
2022-07-04 10:02:03,45
2022-07-05 10:02:03,0
2022-07-06 10:02:03,8
2022-07-07 10:02:03,21
2022-07-08 10:02:03,26
2022-07-09 10:02:03,18
2022-07-10 10:02:03,11
2022-07-11 10:02:03,17
2022-07-12 10:02:03,29
2022-07-13 10:02:03,25
2022-07-14 10:02:03,28
2022-07-15 10:02:03,36
2022-07-16 10:02:03,32
2022-07-17 10:02:03,21
2022-07-18 10:02:03,42
2022-07-19 10:02:03,55
2022-07-20 10:02:03,49
2022-07-21 10:02:03,63
2022-07-22 10:02:03,46
2022-07-23 10:02:03,72
2022-07-24 10:02:03,67
2022-07-25 10:02:03,77
2022-07-26 10:02:03,94
2022-07-27 10:02:03,86
2022-07-28 10:02:03,98
2022-07-29 10:02:03,93
2022-07-30 10:02:03,87
2022-07-31 10:02:03,80
2022-08-01 10:02:03,92
2022-08-02 10:02:03,111
2022-08-03 10:02:03,120
2022-08-04 10:02:03,125
2022-08-05 10:02:03,131
2022-08-06 10:02:03,108
2022-08-07 10:02:03,113
2022-08-08 10:02:03,102
2022-08-09 10:02:03,122
2022-08-10 10:02:03,106
2022-08-11 10:02:03,134
2022-08-12 10:02:03,148
2022-08-13 10:02:03,142
2022-08-14 10:02:03,133
2022-08-15 10:02:03,128
2022-08-16 10:02:03,112
2022-08-17 10:02:03,92
2022-08-18 10:02:03,83
2022-08-19 10:02:03,94
2022-08-20 10:02:03,81
2022-08-21 10:02:03,74
2022-08-22 10:02:03,89
2022-08-23 10:02:03,77
2022-08-24 10:02:03,72
2022-08-25 10:02:03,54
2022-08-26 10:02:03,48
2022-08-27 10:02:03,30
2022-08-28 10:02:03,19
2022-08-29 10:02:03,41
2022-08-30 10:02:03,37
2022-08-31 10:02:03,32
2022-09-01 10:02:03,55
2022-09-02 10:02:03,46
2022-09-03 10:02:03,21
2022-09-04 10:02:03,17
2022-09-05 10:02:03,18
2022-09-06 10:02:03,15
2022-09-07 10:02:03,13
2022-09-08 10:02:03,18
2022-09-09 10:02:03,15
2022-09-10 10:02:03,10
2022-09-11 10:02:03,7
2022-09-12 10:02:03,12
2022-09-13 10:02:03,0
2022-09-14 10:02:03,19
2022-09-15 10:02:03,14
2022-09-16 10:02:03,15
2022-09-17 10:02:03,7
2022-09-18 10:02:03,3
2022-09-19 10:02:03,3
2022-09-20 10:02:03,0
2022-09-21 10:02:03,7
2022-09-22 10:02:03,6
2022-09-23 10:02:03,6
2022-09-24 10:02:03,6
2022-09-25 10:02:03,4
2022-09-26 10:02:03,8
2022-09-27 10:02:03,5
2022-09-28 10:02:03,8
2022-09-29 10:02:03,6
2022-09-30 10:02:03,5
2022-10-01 10:02:03,3
2022-10-02 10:02:03,3
2022-10-03 10:02:03,3
2022-10-04 10:02:03,8
2022-10-05 10:02:03,3
2022-10-06 10:02:03,4
2022-10-07 10:02:03,4
2022-10-08 10:02:03,0
2022-10-09 10:02:03,6
2022-10-10 10:02:03,6
2022-10-11 10:02:03,3
2022-10-12 10:02:03,6
2022-10-13 10:02:03,0
2022-10-14 10:02:03,12
2022-10-15 10:02:03,0
2022-10-16 10:02:03,6
2022-10-17 10:02:03,17
2022-10-18 10:02:03,9
2022-10-19 10:02:03,2
2022-10-20 10:02:03,1
2022-10-21 10:02:03,2
2022-10-22 10:02:03,0
2022-10-23 10:02:03,12
2022-10-24 10:02:03,5
2022-10-25 10:02:03,12
2022-10-26 10:02:03,10
2022-10-27 10:02:03,7
2022-10-28 10:02:03,9
2022-10-29 10:02:03,3
2022-10-30 10:02:03,7
2022-10-31 10:02:03,2
2022-11-01 10:02:03,1
2022-11-02 10:02:03,1
2022-11-03 10:02:03,7
2022-11-04 10:02:03,9
2022-11-05 10:02:03,6
2022-11-06 10:02:03,11
2022-11-07 10:02:03,8
2022-11-08 10:02:03,10
2022-11-09 10:02:03,15
2022-11-10 10:02:03,11
2022-11-11 10:02:03,7
2022-11-12 10:02:03,5
2022-11-13 10:02:03,10
2022-11-14 10:02:03,13
2022-11-15 10:02:03,17
2022-11-16 10:02:03,12
2022-11-17 10:02:03,15
2022-11-18 10:02:03,0
2022-11-19 10:02:03,15
2022-11-20 10:02:03,12
2022-11-21 10:02:03,5
2022-11-22 10:02:03,7
2022-11-23 10:02:03,6
2022-11-24 10:02:03,9
2022-11-25 10:02:03,7
2022-11-26 10:02:03,4
2022-11-27 10:02:03,0
2022-11-28 10:02:03,18
2022-11-29 10:02:03,3
2022-11-30 10:02:03,8
2022-12-01 10:02:03,6
2022-12-02 10:02:03,4
2022-12-03 10:02:03,2
2022-12-04 10:02:03,5
2022-12-05 10:02:03,6
2022-12-06 10:02:03,9
2022-12-07 10:02:03,6
2022-12-08 10:02:03,7
2022-12-09 10:02:03,5
2022-12-10 10:02:03,6
2022-12-11 10:02:03,0
2022-12-12 10:02:03,1
2022-12-13 10:02:03,2
2022-12-14 10:02:03,7
2022-12-15 10:02:03,0
2022-12-16 10:02:03,0
2022-12-17 10:02:03,12
2022-12-18 10:02:03,6
2022-12-19 10:02:03,5
2022-12-20 10:02:03,3
2022-12-21 10:02:03,4
2022-12-22 10:02:03,4
2022-12-23 10:02:03,3
2022-12-24 10:02:03,1
2022-12-25 10:02:03,4
2022-12-26 10:02:03,0
2022-12-27 10:02:03,4
2022-12-28 10:02:03,6
2022-12-29 10:02:03,9
2022-12-30 10:02:03,6
2022-12-31 10:02:03,5
2023-01-01 10:02:03,1
2023-01-02 10:02:03,0
2023-01-03 10:02:03,1
2023-01-04 10:02:03,6
2023-01-05 10:02:03,8
2023-01-06 10:02:03,6
2023-01-07 10:02:03,4
2023-01-08 10:02:03,0
2023-01-09 10:02:03,1
2023-01-10 10:02:03,7
2023-01-11 10:02:03,6
2023-01-12 10:02:03,9
2023-01-13 10:02:03,9
2023-01-14 10:02:03,1
2023-01-15 10:02:03,0
2023-01-16 10:02:03,0
2023-01-17 10:02:03,5
2023-01-18 10:02:03,4
2023-01-19 10:02:03,11
2023-01-20 10:02:03,9
2023-01-21 10:02:03,12
2023-01-22 10:02:03,7
2023-01-23 10:02:03,11
2023-01-24 10:02:03,8
2023-01-25 10:02:03,6
2023-01-26 10:02:03,4
2023-01-27 10:02:03,5
2023-01-28 10:02:03,0
2023-01-29 10:02:03,7
2023-01-30 10:02:03,0
2023-01-31 10:02:03,2
2023-02-01 10:02:03,7
2023-02-02 10:02:03,1
2023-02-03 10:02:03,8
2023-02-04 10:02:03,0
2023-02-05 10:02:03,0
2023-02-06 10:02:03,1
2023-02-07 10:02:03,4
2023-02-08 10:02:03,4
2023-02-09 10:02:03,3
2023-02-10 10:02:03,0
2023-02-11 10:02:03,3
2023-02-12 10:02:03,0
2023-02-13 10:02:03,0
2023-02-14 10:02:03,0
2023-02-15 10:02:03,12
2023-02-16 10:02:03,3
2023-02-17 10:02:03,0
2023-02-18 10:02:03,1
2023-02-19 10:02:03,0
2023-02-20 10:02:03,1
2023-02-21 10:02:03,2
2023-02-22 10:02:03,3
2023-02-23 10:02:03,1
2023-02-24 10:02:03,4
2023-02-25 10:02:03,3
2023-02-26 10:02:03,1
2023-02-27 10:02:03,0
2023-02-28 10:02:03,1
2023-03-01 10:02:03,7
2023-03-02 10:02:03,15
2023-03-03 10:02:03,6
2023-03-04 10:02:03,0
2023-03-05 10:02:03,8
2023-03-06 10:02:03,0
2023-03-07 10:02:03,13
2023-03-08 10:02:03,4
2023-03-09 10:02:03,2
